date,province,district_name,cases_count
2020-04-08,3,Dhading,1
2020-04-08,3,Kathmandu,2
2020-04-08,4,Baglung,2
2020-04-08,7,Kailali,3
2020-04-08,7,Kanchanpur,1
2020-04-12,2,Parsa,3
2020-04-13,2,Rautahat,1
2020-04-13,7,Kailali,1
2020-04-14,3,Kathmandu,2
2020-04-17,1,Udayapur,12
2020-04-17,3,Chitwan,2
2020-04-18,1,Udayapur,1
2020-04-21,1,Udayapur,11
2020-04-22,1,Udayapur,3
2020-04-23,1,Bhojpur,1
2020-04-23,1,Udayapur,1
2020-04-23,2,Dhanusa,1
2020-04-25,1,Jhapa,1
2020-04-26,1,Jhapa,1
2020-04-26,2,Parsa,2
2020-04-28,2,Rautahat,2
2020-04-29,2,Bara,2
2020-04-29,2,Parsa,1
2020-05-01,5,Banke,1
2020-05-01,5,Rupandehi,1
2020-05-03,2,Parsa,1
2020-05-03,5,Banke,15
2020-05-05,5,Banke,7
2020-05-06,2,Parsa,17
2020-05-07,5,Kapilbastu,2
2020-05-08,5,Banke,1
2020-05-09,1,Udayapur,3
2020-05-09,2,Parsa,1
2020-05-09,5,Kapilbastu,3
2020-05-10,1,Udayapur,1
2020-05-11,2,Saptari,1
2020-05-11,5,Bardiya,1
2020-05-11,5,Kapilbastu,16
2020-05-11,5,Rupandehi,6
2020-05-12,2,Bara,1
2020-05-12,2,Dhanusa,2
2020-05-12,2,Mahottari,2
2020-05-12,2,Parsa,57
2020-05-12,2,Sarlahi,1
2020-05-12,3,Bhaktapur,2
2020-05-12,3,Kathmandu,1
2020-05-12,5,Kapilbastu,8
2020-05-12,5,Rupandehi,9
2020-05-13,2,Parsa,3
2020-05-13,5,Banke,1
2020-05-13,5,Kapilbastu,9
2020-05-13,5,Nawalparasi West,1
2020-05-13,5,Rupandehi,12
2020-05-14,2,Dhanusa,1
2020-05-14,3,Dhading,1
2020-05-14,3,Kathmandu,2
2020-05-14,4,Nawalparasi East,1
2020-05-14,5,Kapilbastu,1
2020-05-15,1,Udayapur,1
2020-05-15,2,Parsa,4
2020-05-15,3,Kathmandu,1
2020-05-15,3,Makwanpur,1
2020-05-15,5,Banke,8
2020-05-15,5,Dang,3
2020-05-16,2,Dhanusa,2
2020-05-16,2,Mahottari,1
2020-05-16,2,Parsa,2
2020-05-16,2,Sarlahi,1
2020-05-16,2,Siraha,1
2020-05-16,3,Chitwan,1
2020-05-16,3,Kavrepalanchok,1
2020-05-16,3,Sindhupalchok,1
2020-05-16,5,Bardiya,1
2020-05-16,5,Kapilbastu,3
2020-05-17,1,Dhankuta,1
2020-05-17,1,Morang,2
2020-05-17,2,Rautahat,10
2020-05-17,5,Banke,1
2020-05-18,1,Jhapa,1
2020-05-18,1,Khotang,1
2020-05-18,1,Morang,1
2020-05-18,1,Sunsari,1
2020-05-18,2,Bara,1
2020-05-18,2,Dhanusa,3
2020-05-18,2,Rautahat,9
2020-05-18,3,Dhading,1
2020-05-18,5,Banke,59
2020-05-18,5,Dang,1
2020-05-18,5,Gulmi,1
2020-05-18,6,Dailekh,1
2020-05-19,1,Jhapa,9
2020-05-19,1,Morang,1
2020-05-19,1,Sunsari,1
2020-05-19,2,Sarlahi,2
2020-05-19,3,Bhaktapur,1
2020-05-19,3,Kathmandu,3
2020-05-19,3,Lalitpur,1
2020-05-19,3,Makwanpur,1
2020-05-19,3,Ramechhap,1
2020-05-19,3,Sindhuli,1
2020-05-19,4,Lamjung,1
2020-05-19,5,Kapilbastu,4
2020-05-19,5,Nawalparasi West,1
2020-05-20,1,Dhankuta,5
2020-05-20,5,Banke,6
2020-05-20,5,Kapilbastu,13
2020-05-20,5,Nawalparasi West,1
2020-05-21,1,Dhankuta,1
2020-05-21,1,Jhapa,23
2020-05-21,1,Sunsari,1
2020-05-21,5,Banke,2
2020-05-21,5,Dang,1
2020-05-21,5,Kapilbastu,1
2020-05-21,5,Rupandehi,1
2020-05-22,1,Morang,1
2020-05-22,2,Bara,6
2020-05-22,2,Saptari,1
2020-05-22,2,Sarlahi,15
2020-05-22,3,Bhaktapur,1
2020-05-22,3,Chitwan,2
2020-05-22,3,Makwanpur,1
2020-05-22,4,Nawalparasi East,1
2020-05-22,5,Banke,14
2020-05-22,5,Kapilbastu,9
2020-05-22,5,Nawalparasi West,3
2020-05-22,7,Baitadi,1
2020-05-22,7,Dadeldhura,1
2020-05-22,7,Kailali,3
2020-05-23,1,Jhapa,1
2020-05-23,2,Bara,1
2020-05-23,2,Sarlahi,13
2020-05-23,3,Chitwan,1
2020-05-23,3,Kathmandu,1
2020-05-23,5,Banke,27
2020-05-23,5,Bardiya,1
2020-05-23,5,Kapilbastu,8
2020-05-23,5,Rupandehi,8
2020-05-23,6,Surkhet,3
2020-05-23,7,Baitadi,4
2020-05-24,1,Morang,1
2020-05-24,2,Bara,1
2020-05-24,2,Parsa,3
2020-05-24,2,Rautahat,1
2020-05-24,2,Sarlahi,1
2020-05-24,3,Kathmandu,1
2020-05-24,3,Nuwakot,1
2020-05-24,5,Gulmi,1
2020-05-24,5,Kapilbastu,3
2020-05-24,5,Rupandehi,6
2020-05-25,2,Bara,24
2020-05-25,2,Dhanusa,3
2020-05-25,2,Parsa,1
2020-05-25,2,Rautahat,26
2020-05-25,2,Saptari,2
2020-05-25,3,Kathmandu,4
2020-05-25,5,Banke,4
2020-05-25,5,Bardiya,4
2020-05-25,5,Kapilbastu,3
2020-05-25,6,Dailekh,7
2020-05-25,7,Achham,1
2020-05-26,2,Bara,3
2020-05-26,2,Dhanusa,1
2020-05-26,2,Mahottari,2
2020-05-26,2,Rautahat,22
2020-05-26,2,Siraha,5
2020-05-26,4,Syangja,2
2020-05-26,5,Arghakhanchi,2
2020-05-26,5,Banke,8
2020-05-26,5,Gulmi,2
2020-05-26,5,Kapilbastu,26
2020-05-26,5,Rupandehi,1
2020-05-26,6,Jumla,2
2020-05-26,6,Surkhet,12
2020-05-26,7,Achham,1
2020-05-26,7,Kailali,1
2020-05-27,1,Jhapa,17
2020-05-27,2,Bara,7
2020-05-27,2,Rautahat,36
2020-05-27,2,Saptari,11
2020-05-27,2,Siraha,2
2020-05-27,3,Makwanpur,1
2020-05-27,4,Baglung,5
2020-05-27,4,Myagdi,1
2020-05-27,5,Banke,16
2020-05-27,5,Dang,15
2020-05-27,5,Rukum East,3
2020-05-28,1,Jhapa,25
2020-05-28,1,Solukhumbu,1
2020-05-28,2,Dhanusa,28
2020-05-28,2,Mahottari,18
2020-05-28,2,Rautahat,20
2020-05-28,2,Saptari,14
2020-05-28,2,Sarlahi,7
2020-05-28,2,Siraha,6
2020-05-28,3,Dolakha,2
2020-05-28,3,Makwanpur,1
2020-05-28,4,Nawalparasi East,1
2020-05-28,4,Syangja,3
2020-05-28,5,Banke,1
2020-05-28,5,Bardiya,3
2020-05-28,6,Dailekh,8
2020-05-28,6,Surkhet,14
2020-05-28,7,Bajhang,1
2020-05-28,7,Darchula,1
2020-05-28,7,Kailali,2
2020-05-29,1,Jhapa,28
2020-05-29,2,Bara,4
2020-05-29,2,Parsa,5
2020-05-29,2,Rautahat,56
2020-05-29,2,Saptari,4
2020-05-29,2,Sarlahi,5
2020-05-29,4,Myagdi,1
2020-05-29,4,Nawalparasi East,2
2020-05-29,5,Arghakhanchi,1
2020-05-29,5,Banke,10
2020-05-29,5,Dang,2
2020-05-29,5,Kapilbastu,51
2020-05-29,5,Rupandehi,1
2020-05-30,1,Jhapa,1
2020-05-30,1,Sankhuwasabha,2
2020-05-30,2,Bara,1
2020-05-30,2,Dhanusa,7
2020-05-30,2,Mahottari,4
2020-05-30,2,Parsa,2
2020-05-30,2,Rautahat,6
2020-05-30,2,Saptari,9
2020-05-30,2,Sarlahi,17
2020-05-30,2,Siraha,11
2020-05-30,3,Lalitpur,1
2020-05-30,5,Dang,5
2020-05-30,5,Kapilbastu,109
2020-05-30,6,Dailekh,14
2020-05-31,1,Jhapa,4
2020-05-31,1,Morang,1
2020-05-31,2,Dhanusa,21
2020-05-31,2,Parsa,5
2020-05-31,2,Rautahat,29
2020-05-31,2,Saptari,12
2020-05-31,2,Sarlahi,10
2020-05-31,4,Syangja,2
2020-05-31,4,Tanahu,1
2020-05-31,5,Banke,8
2020-05-31,5,Kapilbastu,5
2020-05-31,6,Dailekh,18
2020-05-31,6,Kalikot,18
2020-05-31,6,Salyan,25
2020-05-31,6,Surkhet,1
2020-05-31,7,Bajura,3
2020-05-31,7,Kailali,3
2020-06-01,1,Jhapa,2
2020-06-01,1,Udayapur,1
2020-06-01,2,Dhanusa,7
2020-06-01,2,Mahottari,2
2020-06-01,2,Rautahat,18
2020-06-01,2,Sarlahi,38
2020-06-01,2,Siraha,5
2020-06-01,3,Dolakha,1
2020-06-01,3,Makwanpur,1
2020-06-01,4,Nawalparasi East,4
2020-06-01,5,Banke,7
2020-06-01,5,Dang,9
2020-06-01,5,Gulmi,1
2020-06-01,5,Kapilbastu,51
2020-06-01,5,Palpa,2
2020-06-01,5,Rupandehi,2
2020-06-01,6,Dailekh,60
2020-06-01,6,Salyan,10
2020-06-01,6,Surkhet,5
2020-06-01,7,Achham,1
2020-06-01,7,Baitadi,1
2020-06-01,7,Doti,1
2020-06-01,7,Kailali,14
2020-06-01,7,Kanchanpur,1
2020-06-02,1,Sunsari,1
2020-06-02,2,Bara,1
2020-06-02,2,Dhanusa,6
2020-06-02,2,Mahottari,2
2020-06-02,2,Rautahat,74
2020-06-02,2,Sarlahi,21
2020-06-02,2,Siraha,17
2020-06-02,3,Bhaktapur,1
2020-06-02,3,Dhading,1
2020-06-02,3,Kathmandu,4
2020-06-02,3,Nuwakot,2
2020-06-02,4,Nawalparasi East,1
2020-06-02,4,Parbat,5
2020-06-02,4,Syangja,5
2020-06-02,5,Banke,17
2020-06-02,5,Bardiya,3
2020-06-02,5,Dang,17
2020-06-02,5,Kapilbastu,16
2020-06-02,5,Nawalparasi West,1
2020-06-02,5,Pyuthan,1
2020-06-02,5,Rupandehi,10
2020-06-02,6,Dailekh,9
2020-06-02,6,Salyan,18
2020-06-02,6,Surkhet,27
2020-06-02,7,Achham,10
2020-06-02,7,Kailali,10
2020-06-02,7,Kanchanpur,8
2020-06-03,1,Dhankuta,1
2020-06-03,1,Jhapa,2
2020-06-03,1,Morang,2
2020-06-03,1,Panchthar,1
2020-06-03,1,Sunsari,7
2020-06-03,1,Taplejung,3
2020-06-03,1,Terhathum,1
2020-06-03,2,Dhanusa,1
2020-06-03,2,Mahottari,9
2020-06-03,2,Parsa,8
2020-06-03,2,Rautahat,11
2020-06-03,2,Saptari,1
2020-06-03,2,Sarlahi,15
2020-06-03,3,Kathmandu,3
2020-06-03,3,Sindhupalchok,1
2020-06-03,5,Dang,5
2020-06-03,5,Kapilbastu,69
2020-06-03,5,Nawalparasi West,8
2020-06-03,5,Palpa,2
2020-06-03,5,Pyuthan,2
2020-06-03,5,Rupandehi,27
2020-06-03,6,Dailekh,7
2020-06-03,6,Kalikot,7
2020-06-03,6,Salyan,3
2020-06-03,7,Doti,2
2020-06-03,7,Kailali,3
2020-06-04,1,Jhapa,5
2020-06-04,1,Khotang,3
2020-06-04,1,Morang,2
2020-06-04,1,Taplejung,1
2020-06-04,2,Bara,12
2020-06-04,2,Dhanusa,6
2020-06-04,2,Mahottari,3
2020-06-04,2,Parsa,1
2020-06-04,2,Rautahat,65
2020-06-04,2,Saptari,13
2020-06-04,2,Sarlahi,3
2020-06-04,3,Sindhuli,1
2020-06-04,4,Baglung,10
2020-06-04,4,Myagdi,1
2020-06-04,4,Parbat,4
2020-06-04,4,Syangja,1
2020-06-04,5,Banke,42
2020-06-04,5,Dang,15
2020-06-04,5,Kapilbastu,29
2020-06-04,6,Dailekh,105
2020-06-04,6,Mugu,1
2020-06-04,6,Surkhet,8
2020-06-04,7,Doti,3
2020-06-05,1,Bhojpur,5
2020-06-05,1,Jhapa,12
2020-06-05,1,Morang,6
2020-06-05,1,Sunsari,21
2020-06-05,2,Bara,3
2020-06-05,2,Dhanusa,4
2020-06-05,2,Mahottari,17
2020-06-05,2,Rautahat,6
2020-06-05,3,Dolakha,1
2020-06-05,3,Kavrepalanchok,5
2020-06-05,3,Ramechhap,18
2020-06-05,3,Sindhuli,2
2020-06-05,4,Gorkha,1
2020-06-05,4,Kaski,1
2020-06-05,4,Tanahu,2
2020-06-05,5,Arghakhanchi,1
2020-06-05,5,Dang,1
2020-06-05,5,Gulmi,1
2020-06-05,5,Kapilbastu,44
2020-06-05,5,Nawalparasi West,2
2020-06-05,5,Palpa,1
2020-06-05,5,Rupandehi,18
2020-06-05,6,Dailekh,90
2020-06-05,6,Humla,1
2020-06-05,6,Jumla,3
2020-06-05,6,Surkhet,1
2020-06-05,7,Achham,1
2020-06-05,7,Bajhang,1
2020-06-05,7,Dadeldhura,5
2020-06-05,7,Kailali,4
2020-06-06,1,Morang,2
2020-06-06,1,Sunsari,5
2020-06-06,2,Dhanusa,8
2020-06-06,2,Mahottari,35
2020-06-06,2,Rautahat,6
2020-06-06,2,Saptari,8
2020-06-06,2,Sarlahi,27
2020-06-06,3,Bhaktapur,1
2020-06-06,3,Kathmandu,6
2020-06-06,4,Baglung,1
2020-06-06,4,Kaski,3
2020-06-06,4,Syangja,10
2020-06-06,5,Arghakhanchi,1
2020-06-06,5,Banke,12
2020-06-06,5,Bardiya,28
2020-06-06,5,Kapilbastu,50
2020-06-06,5,Nawalparasi West,5
2020-06-06,5,Rupandehi,3
2020-06-06,6,Dailekh,47
2020-06-06,6,Dolpa,1
2020-06-06,6,Jajarkot,5
2020-06-06,6,Salyan,38
2020-06-06,6,Surkhet,10
2020-06-06,7,Achham,1
2020-06-06,7,Bajhang,6
2020-06-06,7,Dadeldhura,1
2020-06-06,7,Kailali,2
2020-06-06,7,Kanchanpur,1
2020-06-07,1,Sankhuwasabha,10
2020-06-07,2,Sarlahi,84
2020-06-07,3,Bhaktapur,2
2020-06-07,4,Kaski,38
2020-06-07,5,Pyuthan,20
2020-06-07,6,Jumla,54
2020-06-07,7,Doti,5
2020-06-08,1,Jhapa,9
2020-06-08,1,Morang,9
2020-06-08,1,Panchthar,1
2020-06-08,1,Sunsari,1
2020-06-08,2,Bara,7
2020-06-08,2,Dhanusa,15
2020-06-08,2,Mahottari,12
2020-06-08,2,Parsa,8
2020-06-08,2,Rautahat,11
2020-06-08,2,Saptari,22
2020-06-08,2,Sarlahi,106
2020-06-08,4,Kaski,1
2020-06-08,4,Syangja,1
2020-06-08,5,Arghakhanchi,31
2020-06-08,5,Banke,1
2020-06-08,5,Bardiya,18
2020-06-08,5,Dang,4
2020-06-08,5,Gulmi,1
2020-06-08,5,Kapilbastu,24
2020-06-08,5,Nawalparasi West,2
2020-06-08,5,Palpa,1
2020-06-08,5,Pyuthan,8
2020-06-08,5,Rupandehi,5
2020-06-08,6,Dailekh,10
2020-06-08,6,Salyan,5
2020-06-08,6,Surkhet,1
2020-06-09,1,Ilam,1
2020-06-09,1,Morang,3
2020-06-09,1,Sunsari,1
2020-06-09,2,Dhanusa,45
2020-06-09,2,Mahottari,50
2020-06-09,2,Rautahat,21
2020-06-09,2,Saptari,7
2020-06-09,2,Sarlahi,17
2020-06-09,2,Siraha,12
2020-06-09,3,Chitwan,24
2020-06-09,3,Dhading,1
2020-06-09,3,Nuwakot,2
2020-06-09,4,Baglung,11
2020-06-09,4,Myagdi,1
2020-06-09,4,Nawalparasi East,15
2020-06-09,5,Banke,9
2020-06-09,5,Dang,6
2020-06-09,5,Kapilbastu,10
2020-06-09,5,Nawalparasi West,12
2020-06-09,5,Rupandehi,20
2020-06-09,6,Jumla,2
2020-06-09,6,Salyan,12
2020-06-09,6,Surkhet,4
2020-06-09,7,Dadeldhura,7
2020-06-09,7,Darchula,10
2020-06-09,7,Kailali,1
2020-06-09,7,Kanchanpur,19
2020-06-10,1,Jhapa,5
2020-06-10,1,Morang,8
2020-06-10,1,Udayapur,4
2020-06-10,2,Dhanusa,11
2020-06-10,2,Rautahat,53
2020-06-10,2,Saptari,6
2020-06-10,2,Sarlahi,27
2020-06-10,2,Siraha,1
2020-06-10,3,Chitwan,2
2020-06-10,3,Dhading,16
2020-06-10,3,Kathmandu,3
2020-06-10,3,Nuwakot,1
2020-06-10,3,Sindhupalchok,2
2020-06-10,4,Gorkha,4
2020-06-10,4,Nawalparasi East,1
2020-06-10,5,Banke,3
2020-06-10,5,Bardiya,1
2020-06-10,5,Kapilbastu,48
2020-06-10,5,Nawalparasi West,5
2020-06-10,5,Palpa,12
2020-06-10,5,Pyuthan,6
2020-06-10,5,Rupandehi,7
2020-06-10,6,Dailekh,25
2020-06-10,6,Jajarkot,3
2020-06-10,6,Surkhet,9
2020-06-10,7,Dadeldhura,1
2020-06-10,7,Darchula,1
2020-06-10,7,Kailali,12
2020-06-10,7,Kanchanpur,2
2020-06-11,1,Jhapa,3
2020-06-11,1,Sunsari,3
2020-06-11,2,Bara,7
2020-06-11,2,Mahottari,4
2020-06-11,2,Rautahat,57
2020-06-11,2,Saptari,9
2020-06-11,2,Sarlahi,2
2020-06-11,3,Dhading,7
2020-06-11,5,Banke,13
2020-06-11,5,Dang,8
2020-06-11,5,Kapilbastu,2
2020-06-11,5,Nawalparasi West,6
2020-06-11,5,Pyuthan,4
2020-06-11,5,Rolpa,14
2020-06-11,5,Rupandehi,29
2020-06-11,6,Dailekh,48
2020-06-11,6,Surkhet,7
2020-06-11,7,Bajhang,2
2020-06-11,7,Bajura,18
2020-06-11,7,Kailali,7
2020-06-12,1,Ilam,1
2020-06-12,1,Jhapa,13
2020-06-12,1,Morang,3
2020-06-12,1,Sunsari,10
2020-06-12,1,Udayapur,3
2020-06-12,2,Bara,1
2020-06-12,2,Dhanusa,15
2020-06-12,2,Mahottari,16
2020-06-12,2,Rautahat,86
2020-06-12,2,Saptari,17
2020-06-12,2,Sarlahi,57
2020-06-12,2,Siraha,11
2020-06-12,3,Chitwan,8
2020-06-12,3,Dhading,28
2020-06-12,3,Kathmandu,1
2020-06-12,3,Nuwakot,1
2020-06-12,4,Nawalparasi East,5
2020-06-12,4,Parbat,13
2020-06-12,4,Syangja,22
2020-06-12,4,Tanahu,1
2020-06-12,5,Arghakhanchi,3
2020-06-12,5,Banke,1
2020-06-12,5,Bardiya,15
2020-06-12,5,Dang,8
2020-06-12,5,Gulmi,1
2020-06-12,5,Kapilbastu,4
2020-06-12,5,Nawalparasi West,2
2020-06-12,5,Palpa,1
2020-06-12,5,Pyuthan,2
2020-06-12,5,Rupandehi,16
2020-06-12,6,Dailekh,38
2020-06-12,6,Surkhet,45
2020-06-13,1,Jhapa,5
2020-06-13,1,Morang,4
2020-06-13,2,Bara,1
2020-06-13,2,Mahottari,1
2020-06-13,2,Parsa,6
2020-06-13,2,Rautahat,92
2020-06-13,2,Sarlahi,13
2020-06-13,3,Kathmandu,1
2020-06-13,4,Parbat,4
2020-06-13,5,Banke,18
2020-06-13,5,Bardiya,6
2020-06-13,5,Dang,2
2020-06-13,5,Gulmi,2
2020-06-13,5,Kapilbastu,25
2020-06-13,5,Nawalparasi West,1
2020-06-13,5,Rolpa,17
2020-06-13,5,Rupandehi,5
2020-06-13,6,Dailekh,30
2020-06-13,6,Surkhet,40
2020-06-14,1,Jhapa,1
2020-06-14,1,Morang,25
2020-06-14,1,Sunsari,1
2020-06-14,2,Bara,9
2020-06-14,2,Dhanusa,1
2020-06-14,2,Parsa,17
2020-06-14,2,Rautahat,24
2020-06-14,2,Saptari,10
2020-06-14,2,Sarlahi,1
2020-06-14,3,Ramechhap,2
2020-06-14,4,Nawalparasi East,2
2020-06-14,5,Banke,3
2020-06-14,5,Bardiya,3
2020-06-14,5,Dang,54
2020-06-14,5,Gulmi,6
2020-06-14,5,Pyuthan,2
2020-06-14,6,Rukum West,1
2020-06-14,7,Bajhang,5
2020-06-14,7,Dadeldhura,24
2020-06-14,7,Doti,3
2020-06-14,7,Kailali,12
2020-06-14,7,Kanchanpur,20
2020-06-15,1,Jhapa,1
2020-06-15,1,Morang,22
2020-06-15,1,Sunsari,3
2020-06-15,2,Bara,1
2020-06-15,2,Dhanusa,4
2020-06-15,2,Mahottari,30
2020-06-15,2,Parsa,10
2020-06-15,2,Rautahat,154
2020-06-15,2,Sarlahi,28
2020-06-15,2,Siraha,4
2020-06-15,3,Chitwan,1
2020-06-15,3,Dhading,34
2020-06-15,3,Kathmandu,4
2020-06-15,3,Lalitpur,1
2020-06-15,3,Nuwakot,3
2020-06-15,3,Sindhuli,1
2020-06-15,4,Tanahu,5
2020-06-15,5,Arghakhanchi,3
2020-06-15,5,Banke,5
2020-06-15,5,Bardiya,16
2020-06-15,5,Dang,43
2020-06-15,5,Gulmi,11
2020-06-15,5,Kapilbastu,1
2020-06-15,5,Nawalparasi West,2
2020-06-15,5,Palpa,27
2020-06-15,5,Pyuthan,3
2020-06-15,5,Rolpa,4
2020-06-15,5,Rupandehi,38
2020-06-15,6,Dailekh,122
2020-06-15,6,Surkhet,59
2020-06-15,7,Achham,3
2020-06-15,7,Doti,4
2020-06-15,7,Kailali,3
2020-06-16,1,Jhapa,1
2020-06-16,1,Morang,1
2020-06-16,1,Panchthar,1
2020-06-16,1,Sunsari,2
2020-06-16,2,Dhanusa,21
2020-06-16,2,Mahottari,89
2020-06-16,2,Parsa,2
2020-06-16,2,Rautahat,52
2020-06-16,2,Saptari,3
2020-06-16,2,Sarlahi,15
2020-06-16,2,Siraha,2
2020-06-16,3,Kathmandu,1
2020-06-16,3,Ramechhap,1
2020-06-16,4,Baglung,1
2020-06-16,4,Gorkha,10
2020-06-16,4,Kaski,3
2020-06-16,4,Nawalparasi East,3
2020-06-16,4,Syangja,4
2020-06-16,4,Tanahu,2
2020-06-16,5,Arghakhanchi,9
2020-06-16,5,Banke,1
2020-06-16,5,Bardiya,9
2020-06-16,5,Dang,56
2020-06-16,5,Rolpa,1
2020-06-16,5,Rupandehi,4
2020-06-16,6,Dailekh,5
2020-06-16,6,Salyan,1
2020-06-16,6,Surkhet,4
2020-06-16,7,Achham,1
2020-06-16,7,Baitadi,21
2020-06-16,7,Doti,20
2020-06-16,7,Kailali,23
2020-06-16,7,Kanchanpur,11
2020-06-17,1,Jhapa,2
2020-06-17,1,Morang,9
2020-06-17,1,Udayapur,4
2020-06-17,2,Bara,7
2020-06-17,2,Dhanusa,26
2020-06-17,2,Mahottari,200
2020-06-17,2,Rautahat,127
2020-06-17,2,Sarlahi,6
2020-06-17,2,Siraha,1
2020-06-17,4,Nawalparasi East,17
2020-06-17,4,Parbat,3
2020-06-17,5,Arghakhanchi,12
2020-06-17,5,Banke,1
2020-06-17,5,Bardiya,31
2020-06-17,5,Dang,8
2020-06-17,5,Gulmi,26
2020-06-17,5,Kapilbastu,10
2020-06-17,5,Pyuthan,38
2020-06-17,5,Rupandehi,7
2020-06-17,6,Dailekh,2
2020-06-17,6,Kalikot,14
2020-06-17,6,Salyan,25
2020-06-17,6,Surkhet,2
2020-06-17,7,Kailali,1
2020-06-17,7,Kanchanpur,7
2020-06-18,1,Jhapa,2
2020-06-18,1,Morang,1
2020-06-18,2,Dhanusa,29
2020-06-18,2,Mahottari,1
2020-06-18,2,Rautahat,34
2020-06-18,2,Sarlahi,2
2020-06-18,3,Bhaktapur,3
2020-06-18,3,Chitwan,1
2020-06-18,3,Kathmandu,2
2020-06-18,3,Lalitpur,1
2020-06-18,3,Nuwakot,2
2020-06-18,3,Sindhuli,1
2020-06-18,3,Sindhupalchok,1
2020-06-18,4,Baglung,1
2020-06-18,4,Gorkha,11
2020-06-18,4,Manang,1
2020-06-18,4,Nawalparasi East,31
2020-06-18,4,Parbat,9
2020-06-18,4,Syangja,9
2020-06-18,4,Tanahu,15
2020-06-18,5,Arghakhanchi,97
2020-06-18,5,Banke,3
2020-06-18,5,Bardiya,3
2020-06-18,5,Dang,4
2020-06-18,5,Gulmi,3
2020-06-18,5,Kapilbastu,17
2020-06-18,5,Nawalparasi West,2
2020-06-18,5,Palpa,6
2020-06-18,5,Rolpa,1
2020-06-18,5,Rupandehi,12
2020-06-18,6,Dailekh,87
2020-06-18,6,Surkhet,34
2020-06-18,7,Achham,44
2020-06-18,7,Baitadi,25
2020-06-18,7,Bajhang,2
2020-06-18,7,Bajura,41
2020-06-18,7,Dadeldhura,84
2020-06-18,7,Doti,5
2020-06-18,7,Kailali,42
2020-06-18,7,Kanchanpur,2
2020-06-19,1,Jhapa,1
2020-06-19,1,Morang,3
2020-06-19,1,Udayapur,2
2020-06-19,2,Saptari,4
2020-06-19,2,Sarlahi,11
2020-06-19,3,Chitwan,1
2020-06-19,3,Dhading,1
2020-06-19,3,Kathmandu,3
2020-06-19,3,Makwanpur,8
2020-06-19,3,Sindhuli,1
2020-06-19,3,Sindhupalchok,21
2020-06-19,4,Baglung,32
2020-06-19,4,Gorkha,11
2020-06-19,4,Kaski,8
2020-06-19,4,Myagdi,1
2020-06-19,4,Nawalparasi East,4
2020-06-19,4,Parbat,5
2020-06-19,4,Syangja,3
2020-06-19,4,Tanahu,19
2020-06-19,5,Arghakhanchi,6
2020-06-19,5,Gulmi,94
2020-06-19,5,Kapilbastu,4
2020-06-19,5,Nawalparasi West,1
2020-06-19,5,Rupandehi,2
2020-06-19,7,Achham,8
2020-06-19,7,Baitadi,68
2020-06-19,7,Bajhang,3
2020-06-19,7,Bajura,8
2020-06-19,7,Dadeldhura,9
2020-06-19,7,Doti,15
2020-06-19,7,Kailali,49
2020-06-19,7,Kanchanpur,20
2020-06-20,1,Jhapa,1
2020-06-20,1,Morang,8
2020-06-20,1,Sunsari,2
2020-06-20,2,Bara,4
2020-06-20,2,Mahottari,24
2020-06-20,2,Rautahat,7
2020-06-20,2,Sarlahi,9
2020-06-20,3,Bhaktapur,7
2020-06-20,3,Dhading,8
2020-06-20,3,Kathmandu,1
2020-06-20,3,Ramechhap,3
2020-06-20,4,Baglung,20
2020-06-20,4,Nawalparasi East,32
2020-06-20,4,Syangja,1
2020-06-20,4,Tanahu,23
2020-06-20,5,Banke,14
2020-06-20,5,Bardiya,7
2020-06-20,5,Dang,4
2020-06-20,5,Gulmi,18
2020-06-20,5,Nawalparasi West,1
2020-06-20,5,Palpa,33
2020-06-20,5,Pyuthan,8
2020-06-20,5,Rupandehi,1
2020-06-20,6,Rukum West,1
2020-06-20,7,Baitadi,18
2020-06-20,7,Dadeldhura,12
2020-06-20,7,Doti,61
2020-06-20,7,Kailali,3
2020-06-21,1,Jhapa,6
2020-06-21,1,Morang,2
2020-06-21,1,Sunsari,2
2020-06-21,1,Udayapur,5
2020-06-21,2,Bara,3
2020-06-21,2,Dhanusa,8
2020-06-21,2,Mahottari,2
2020-06-21,2,Saptari,2
2020-06-21,2,Sarlahi,5
2020-06-21,2,Siraha,52
2020-06-21,3,Lalitpur,1
2020-06-21,3,Nuwakot,1
2020-06-21,3,Ramechhap,1
2020-06-21,4,Baglung,23
2020-06-21,4,Kaski,1
2020-06-21,4,Mustang,1
2020-06-21,4,Myagdi,4
2020-06-21,4,Nawalparasi East,2
2020-06-21,4,Parbat,2
2020-06-21,4,Syangja,10
2020-06-21,4,Tanahu,4
2020-06-21,5,Arghakhanchi,74
2020-06-21,5,Banke,1
2020-06-21,5,Bardiya,3
2020-06-21,5,Dang,10
2020-06-21,5,Gulmi,7
2020-06-21,5,Kapilbastu,25
2020-06-21,5,Nawalparasi West,23
2020-06-21,5,Palpa,4
2020-06-21,5,Pyuthan,20
2020-06-21,5,Rolpa,4
2020-06-21,5,Rupandehi,2
2020-06-21,6,Dailekh,1
2020-06-21,6,Salyan,6
2020-06-21,6,Surkhet,2
2020-06-21,7,Achham,2
2020-06-21,7,Baitadi,2
2020-06-21,7,Bajhang,2
2020-06-21,7,Dadeldhura,41
2020-06-21,7,Doti,27
2020-06-21,7,Kailali,27
2020-06-21,7,Kanchanpur,1
2020-06-22,1,Jhapa,3
2020-06-22,1,Morang,12
2020-06-22,1,Okhaldhunga,1
2020-06-22,2,Dhanusa,10
2020-06-22,2,Mahottari,1
2020-06-22,2,Rautahat,34
2020-06-22,2,Saptari,15
2020-06-22,2,Sarlahi,47
2020-06-22,2,Siraha,23
2020-06-22,3,Chitwan,5
2020-06-22,3,Sindhupalchok,2
2020-06-22,4,Nawalparasi East,24
2020-06-22,4,Syangja,33
2020-06-22,4,Tanahu,11
2020-06-22,5,Arghakhanchi,9
2020-06-22,5,Dang,13
2020-06-22,5,Gulmi,56
2020-06-22,5,Nawalparasi West,5
2020-06-22,5,Palpa,90
2020-06-22,5,Pyuthan,30
2020-06-22,5,Rupandehi,12
2020-06-22,6,Jajarkot,1
2020-06-22,7,Achham,2
2020-06-22,7,Baitadi,14
2020-06-22,7,Dadeldhura,15
2020-06-22,7,Doti,7
2020-06-22,7,Kailali,58
2020-06-23,1,Jhapa,12
2020-06-23,1,Morang,2
2020-06-23,1,Sunsari,3
2020-06-23,1,Terhathum,2
2020-06-23,2,Dhanusa,39
2020-06-23,2,Mahottari,12
2020-06-23,2,Rautahat,13
2020-06-23,2,Saptari,22
2020-06-23,2,Sarlahi,2
2020-06-23,2,Siraha,7
2020-06-23,3,Dhading,18
2020-06-23,4,Baglung,14
2020-06-23,4,Gorkha,29
2020-06-23,4,Kaski,8
2020-06-23,4,Lamjung,5
2020-06-23,4,Nawalparasi East,22
2020-06-23,4,Parbat,22
2020-06-23,4,Syangja,22
2020-06-23,4,Tanahu,8
2020-06-23,5,Arghakhanchi,2
2020-06-23,5,Dang,19
2020-06-23,5,Gulmi,5
2020-06-23,5,Palpa,48
2020-06-23,5,Pyuthan,50
2020-06-23,5,Rupandehi,3
2020-06-23,6,Dailekh,22
2020-06-23,6,Humla,1
2020-06-23,6,Kalikot,1
2020-06-23,6,Salyan,4
2020-06-23,6,Surkhet,23
2020-06-23,7,Achham,7
2020-06-23,7,Bajhang,14
2020-06-23,7,Bajura,20
2020-06-23,7,Dadeldhura,4
2020-06-23,7,Kailali,38
2020-06-23,7,Kanchanpur,17
2020-06-24,1,Jhapa,11
2020-06-24,1,Morang,1
2020-06-24,1,Sunsari,1
2020-06-24,2,Dhanusa,20
2020-06-24,2,Mahottari,12
2020-06-24,2,Rautahat,44
2020-06-24,2,Saptari,6
2020-06-24,2,Sarlahi,21
2020-06-24,3,Bhaktapur,1
2020-06-24,3,Chitwan,1
2020-06-24,3,Dhading,2
2020-06-24,3,Kathmandu,1
2020-06-24,4,Baglung,9
2020-06-24,4,Gorkha,3
2020-06-24,4,Kaski,9
2020-06-24,4,Lamjung,5
2020-06-24,4,Nawalparasi East,13
2020-06-24,4,Parbat,3
2020-06-24,4,Syangja,7
2020-06-24,4,Tanahu,1
2020-06-24,5,Banke,9
2020-06-24,5,Bardiya,1
2020-06-24,5,Dang,76
2020-06-24,5,Gulmi,5
2020-06-24,5,Kapilbastu,1
2020-06-24,5,Palpa,15
2020-06-24,5,Pyuthan,10
2020-06-24,5,Rupandehi,1
2020-06-24,6,Dailekh,4
2020-06-24,6,Jajarkot,1
2020-06-24,6,Kalikot,1
2020-06-24,6,Surkhet,14
2020-06-24,7,Achham,23
2020-06-24,7,Baitadi,4
2020-06-24,7,Bajura,8
2020-06-24,7,Doti,48
2020-06-24,7,Kailali,151
2020-06-24,7,Kanchanpur,86
2020-06-25,1,Ilam,2
2020-06-25,1,Jhapa,1
2020-06-25,1,Khotang,1
2020-06-25,1,Morang,1
2020-06-25,1,Okhaldhunga,2
2020-06-25,1,Sunsari,6
2020-06-25,1,Taplejung,3
2020-06-25,2,Bara,1
2020-06-25,2,Dhanusa,9
2020-06-25,2,Mahottari,5
2020-06-25,2,Rautahat,38
2020-06-25,2,Saptari,8
2020-06-25,2,Sarlahi,5
2020-06-25,2,Siraha,2
2020-06-25,3,Bhaktapur,4
2020-06-25,3,Dhading,2
2020-06-25,3,Kathmandu,4
2020-06-25,3,Lalitpur,1
2020-06-25,3,Ramechhap,2
2020-06-25,4,Baglung,2
2020-06-25,4,Gorkha,2
2020-06-25,4,Kaski,1
2020-06-25,4,Lamjung,2
2020-06-25,4,Myagdi,6
2020-06-25,4,Syangja,1
2020-06-25,4,Tanahu,9
2020-06-25,5,Banke,4
2020-06-25,5,Bardiya,6
2020-06-25,5,Dang,1
2020-06-25,5,Gulmi,1
2020-06-25,5,Nawalparasi West,8
2020-06-25,5,Palpa,122
2020-06-25,5,Pyuthan,7
2020-06-25,5,Rukum East,1
2020-06-25,5,Rupandehi,7
2020-06-25,6,Dailekh,19
2020-06-25,6,Dolpa,1
2020-06-25,6,Jumla,2
2020-06-25,6,Kalikot,3
2020-06-25,6,Salyan,1
2020-06-25,6,Surkhet,13
2020-06-25,7,Achham,13
2020-06-25,7,Baitadi,3
2020-06-25,7,Bajhang,18
2020-06-25,7,Bajura,8
2020-06-25,7,Dadeldhura,12
2020-06-25,7,Darchula,1
2020-06-25,7,Kailali,3
2020-06-25,7,Kanchanpur,60
2020-06-26,1,Jhapa,4
2020-06-26,1,Morang,2
2020-06-26,1,Sunsari,10
2020-06-26,2,Bara,2
2020-06-26,2,Dhanusa,15
2020-06-26,2,Mahottari,4
2020-06-26,2,Rautahat,51
2020-06-26,2,Siraha,6
2020-06-26,3,Chitwan,12
2020-06-26,3,Kathmandu,3
2020-06-26,3,Nuwakot,1
2020-06-26,3,Sindhuli,3
2020-06-26,4,Baglung,1
2020-06-26,4,Gorkha,6
2020-06-26,4,Kaski,2
2020-06-26,4,Lamjung,6
2020-06-26,4,Nawalparasi East,23
2020-06-26,4,Syangja,1
2020-06-26,4,Tanahu,2
2020-06-26,5,Arghakhanchi,3
2020-06-26,5,Dang,75
2020-06-26,5,Gulmi,25
2020-06-26,5,Kapilbastu,21
2020-06-26,5,Nawalparasi West,2
2020-06-26,5,Palpa,76
2020-06-26,5,Pyuthan,20
2020-06-26,5,Rupandehi,6
2020-06-26,6,Dailekh,5
2020-06-26,6,Jajarkot,2
2020-06-26,6,Jumla,3
2020-06-26,6,Mugu,1
2020-06-26,6,Salyan,4
2020-06-26,6,Surkhet,12
2020-06-26,7,Achham,1
2020-06-26,7,Baitadi,25
2020-06-26,7,Bajhang,9
2020-06-26,7,Bajura,27
2020-06-26,7,Darchula,3
2020-06-26,7,Doti,46
2020-06-26,7,Kailali,31
2020-06-26,7,Kanchanpur,42
2020-06-27,1,Ilam,5
2020-06-27,1,Morang,2
2020-06-27,1,Panchthar,1
2020-06-27,1,Udayapur,7
2020-06-27,2,Bara,12
2020-06-27,2,Dhanusa,3
2020-06-27,2,Mahottari,30
2020-06-27,2,Parsa,3
2020-06-27,2,Rautahat,34
2020-06-27,2,Sarlahi,6
2020-06-27,3,Bhaktapur,1
2020-06-27,3,Chitwan,2
2020-06-27,3,Dhading,3
2020-06-27,3,Kathmandu,4
2020-06-27,3,Makwanpur,2
2020-06-27,3,Nuwakot,6
2020-06-27,3,Rasuwa,9
2020-06-27,4,Baglung,8
2020-06-27,4,Nawalparasi East,2
2020-06-27,4,Syangja,26
2020-06-27,5,Arghakhanchi,18
2020-06-27,5,Banke,2
2020-06-27,5,Bardiya,4
2020-06-27,5,Dang,31
2020-06-27,5,Gulmi,7
2020-06-27,5,Kapilbastu,8
2020-06-27,5,Palpa,26
2020-06-27,5,Pyuthan,49
2020-06-27,5,Rolpa,1
2020-06-27,5,Rupandehi,8
2020-06-27,6,Jajarkot,1
2020-06-27,6,Salyan,13
2020-06-27,6,Surkhet,7
2020-06-27,7,Achham,13
2020-06-27,7,Baitadi,26
2020-06-27,7,Bajhang,8
2020-06-27,7,Bajura,78
2020-06-27,7,Dadeldhura,8
2020-06-27,7,Doti,61
2020-06-27,7,Kailali,14
2020-06-27,7,Kanchanpur,5
2020-06-28,1,Ilam,1
2020-06-28,1,Jhapa,2
2020-06-28,1,Khotang,4
2020-06-28,1,Morang,17
2020-06-28,1,Sunsari,1
2020-06-28,1,Udayapur,6
2020-06-28,2,Dhanusa,10
2020-06-28,2,Mahottari,56
2020-06-28,2,Rautahat,17
2020-06-28,2,Sarlahi,1
2020-06-28,3,Dhading,1
2020-06-28,3,Dolakha,2
2020-06-28,3,Lalitpur,1
2020-06-28,3,Sindhupalchok,1
2020-06-28,4,Baglung,29
2020-06-28,4,Gorkha,1
2020-06-28,4,Kaski,5
2020-06-28,4,Lamjung,1
2020-06-28,4,Myagdi,2
2020-06-28,4,Nawalparasi East,31
2020-06-28,4,Parbat,2
2020-06-28,4,Tanahu,6
2020-06-28,5,Arghakhanchi,6
2020-06-28,5,Dang,34
2020-06-28,5,Gulmi,38
2020-06-28,5,Kapilbastu,8
2020-06-28,5,Palpa,2
2020-06-28,5,Pyuthan,35
2020-06-28,5,Rolpa,1
2020-06-28,5,Rupandehi,12
2020-06-28,6,Rukum West,1
2020-06-28,6,Salyan,2
2020-06-28,7,Bajura,95
2020-06-28,7,Dadeldhura,1
2020-06-28,7,Darchula,1
2020-06-28,7,Doti,13
2020-06-28,7,Kailali,17
2020-06-29,1,Dhankuta,1
2020-06-29,1,Khotang,1
2020-06-29,1,Morang,1
2020-06-29,2,Bara,3
2020-06-29,2,Dhanusa,6
2020-06-29,2,Mahottari,4
2020-06-29,2,Parsa,1
2020-06-29,2,Rautahat,18
2020-06-29,2,Saptari,15
2020-06-29,3,Bhaktapur,1
2020-06-29,3,Chitwan,4
2020-06-29,3,Dhading,2
2020-06-29,3,Kathmandu,6
2020-06-29,3,Kavrepalanchok,1
2020-06-29,3,Lalitpur,1
2020-06-29,3,Makwanpur,1
2020-06-29,4,Baglung,14
2020-06-29,4,Gorkha,5
2020-06-29,4,Parbat,13
2020-06-29,4,Syangja,8
2020-06-29,4,Tanahu,9
2020-06-29,5,Arghakhanchi,38
2020-06-29,5,Dang,58
2020-06-29,5,Gulmi,20
2020-06-29,5,Kapilbastu,2
2020-06-29,5,Palpa,26
2020-06-29,5,Pyuthan,9
2020-06-29,5,Rolpa,1
2020-06-29,5,Rupandehi,5
2020-06-29,6,Dolpa,2
2020-06-29,6,Kalikot,2
2020-06-29,6,Rukum West,1
2020-06-29,7,Bajura,98
2020-06-29,7,Doti,69
2020-06-29,7,Kailali,30
2020-06-30,1,Jhapa,5
2020-06-30,1,Sankhuwasabha,3
2020-06-30,1,Sunsari,2
2020-06-30,1,Udayapur,2
2020-06-30,2,Dhanusa,3
2020-06-30,2,Mahottari,29
2020-06-30,2,Rautahat,7
2020-06-30,2,Saptari,25
2020-06-30,2,Sarlahi,8
2020-06-30,2,Siraha,10
2020-06-30,3,Bhaktapur,1
2020-06-30,3,Kathmandu,12
2020-06-30,3,Lalitpur,1
2020-06-30,3,Sindhupalchok,2
2020-06-30,4,Baglung,1
2020-06-30,4,Gorkha,1
2020-06-30,4,Kaski,9
2020-06-30,4,Lamjung,3
2020-06-30,4,Myagdi,1
2020-06-30,4,Syangja,4
2020-06-30,4,Tanahu,6
2020-06-30,5,Arghakhanchi,7
2020-06-30,5,Banke,1
2020-06-30,5,Dang,21
2020-06-30,5,Gulmi,1
2020-06-30,5,Palpa,18
2020-06-30,6,Dailekh,3
2020-06-30,6,Rukum West,8
2020-06-30,6,Salyan,2
2020-06-30,7,Achham,27
2020-06-30,7,Baitadi,4
2020-06-30,7,Bajura,51
2020-06-30,7,Dadeldhura,3
2020-06-30,7,Doti,30
2020-06-30,7,Kailali,5
2020-07-01,1,Ilam,2
2020-07-01,1,Jhapa,21
2020-07-01,1,Morang,3
2020-07-01,1,Sunsari,1
2020-07-01,1,Taplejung,1
2020-07-01,2,Bara,1
2020-07-01,2,Dhanusa,21
2020-07-01,2,Mahottari,36
2020-07-01,2,Parsa,1
2020-07-01,2,Siraha,2
2020-07-01,3,Bhaktapur,2
2020-07-01,3,Chitwan,12
2020-07-01,3,Kathmandu,10
2020-07-01,3,Lalitpur,5
2020-07-01,4,Baglung,3
2020-07-01,4,Gorkha,3
2020-07-01,4,Kaski,3
2020-07-01,4,Lamjung,10
2020-07-01,4,Nawalparasi East,11
2020-07-01,4,Parbat,1
2020-07-01,4,Syangja,8
2020-07-01,4,Tanahu,1
2020-07-01,5,Arghakhanchi,1
2020-07-01,5,Banke,11
2020-07-01,5,Bardiya,11
2020-07-01,5,Dang,2
2020-07-01,5,Gulmi,8
2020-07-01,5,Nawalparasi West,1
2020-07-01,5,Palpa,2
2020-07-01,6,Dailekh,2
2020-07-01,6,Jumla,1
2020-07-01,6,Kalikot,2
2020-07-01,6,Salyan,15
2020-07-01,6,Surkhet,22
2020-07-01,7,Achham,127
2020-07-01,7,Baitadi,1
2020-07-01,7,Bajhang,18
2020-07-01,7,Bajura,43
2020-07-01,7,Doti,20
2020-07-01,7,Kailali,27
2020-07-01,7,Kanchanpur,10
2020-07-02,1,Jhapa,1
2020-07-02,1,Khotang,1
2020-07-02,1,Morang,6
2020-07-02,1,Sunsari,4
2020-07-02,1,Udayapur,1
2020-07-02,2,Dhanusa,30
2020-07-02,2,Mahottari,13
2020-07-02,2,Saptari,10
2020-07-02,3,Bhaktapur,2
2020-07-02,3,Chitwan,2
2020-07-02,3,Dhading,1
2020-07-02,3,Dolakha,2
2020-07-02,3,Kathmandu,28
2020-07-02,3,Kavrepalanchok,1
2020-07-02,3,Lalitpur,2
2020-07-02,3,Makwanpur,1
2020-07-02,3,Nuwakot,1
2020-07-02,3,Ramechhap,1
2020-07-02,3,Rasuwa,1
2020-07-02,3,Sindhuli,1
2020-07-02,3,Sindhupalchok,4
2020-07-02,4,Baglung,1
2020-07-02,4,Gorkha,1
2020-07-02,4,Kaski,1
2020-07-02,4,Lamjung,16
2020-07-02,4,Parbat,2
2020-07-02,4,Syangja,2
2020-07-02,4,Tanahu,3
2020-07-02,5,Arghakhanchi,2
2020-07-02,5,Bardiya,1
2020-07-02,5,Dang,4
2020-07-02,5,Nawalparasi West,1
2020-07-02,5,Palpa,1
2020-07-02,5,Rupandehi,1
2020-07-02,6,Dailekh,3
2020-07-02,6,Kalikot,1
2020-07-02,7,Achham,31
2020-07-02,7,Bajhang,35
2020-07-02,7,Doti,58
2020-07-02,7,Kailali,165
2020-07-02,7,Kanchanpur,31
2020-07-03,1,Morang,19
2020-07-03,1,Sunsari,19
2020-07-03,2,Dhanusa,22
2020-07-03,2,Parsa,1
2020-07-03,2,Saptari,32
2020-07-03,3,Chitwan,21
2020-07-03,3,Kathmandu,166
2020-07-03,3,Makwanpur,29
2020-07-03,4,Baglung,50
2020-07-03,4,Kaski,15
2020-07-03,4,Syangja,50
2020-07-03,5,Arghakhanchi,50
2020-07-03,5,Banke,28
2020-07-03,5,Dang,8
2020-07-03,5,Kapilbastu,50
2020-07-03,5,Rupandehi,1
2020-07-03,6,Dailekh,10
2020-07-03,6,Jumla,1
2020-07-03,6,Surkhet,53
2020-07-03,7,Kailali,65
2020-07-03,7,Kanchanpur,50
2020-07-04,1,Ilam,1
2020-07-04,1,Jhapa,5
2020-07-04,1,Morang,6
2020-07-04,2,Dhanusa,15
2020-07-04,2,Saptari,36
2020-07-04,2,Sarlahi,16
2020-07-04,2,Siraha,21
2020-07-04,3,Chitwan,6
2020-07-04,3,Sindhupalchok,12
2020-07-04,4,Baglung,3
2020-07-04,4,Myagdi,3
2020-07-04,4,Nawalparasi East,7
2020-07-04,4,Syangja,1
2020-07-04,4,Tanahu,1
2020-07-04,5,Banke,5
2020-07-04,5,Gulmi,9
2020-07-04,5,Nawalparasi West,4
2020-07-04,5,Palpa,19
2020-07-04,5,Pyuthan,8
2020-07-04,5,Rolpa,2
2020-07-04,5,Rupandehi,4
2020-07-04,6,Dailekh,1
2020-07-04,7,Achham,35
2020-07-04,7,Dadeldhura,3
2020-07-04,7,Doti,3
2020-07-04,7,Kanchanpur,6
2020-07-05,1,Ilam,1
2020-07-05,1,Jhapa,2
2020-07-05,1,Morang,2
2020-07-05,1,Panchthar,1
2020-07-05,1,Taplejung,2
2020-07-05,2,Dhanusa,27
2020-07-05,2,Mahottari,12
2020-07-05,2,Parsa,1
2020-07-05,2,Rautahat,29
2020-07-05,2,Sarlahi,7
2020-07-05,2,Siraha,1
2020-07-05,3,Bhaktapur,1
2020-07-05,3,Dhading,1
2020-07-05,3,Kathmandu,27
2020-07-05,3,Lalitpur,2
2020-07-05,3,Makwanpur,1
2020-07-05,3,Nuwakot,2
2020-07-05,3,Ramechhap,2
2020-07-05,3,Sindhupalchok,2
2020-07-05,4,Baglung,1
2020-07-05,4,Gorkha,1
2020-07-05,4,Kaski,2
2020-07-05,4,Lamjung,1
2020-07-05,4,Myagdi,1
2020-07-05,4,Syangja,1
2020-07-05,4,Tanahu,2
2020-07-05,5,Arghakhanchi,4
2020-07-05,5,Banke,1
2020-07-05,5,Bardiya,5
2020-07-05,5,Kapilbastu,2
2020-07-05,5,Nawalparasi West,1
2020-07-05,5,Pyuthan,11
2020-07-05,5,Rupandehi,2
2020-07-05,6,Dailekh,7
2020-07-05,6,Rukum West,4
2020-07-05,6,Salyan,16
2020-07-05,6,Surkhet,12
2020-07-05,7,Achham,1
2020-07-05,7,Baitadi,4
2020-07-05,7,Bajura,20
2020-07-05,7,Dadeldhura,9
2020-07-05,7,Doti,3
2020-07-05,7,Kailali,27
2020-07-05,7,Kanchanpur,32
2020-07-06,1,Jhapa,5
2020-07-06,1,Khotang,3
2020-07-06,1,Okhaldhunga,3
2020-07-06,1,Sankhuwasabha,1
2020-07-06,1,Sunsari,2
2020-07-06,1,Taplejung,1
2020-07-06,1,Udayapur,1
2020-07-06,2,Bara,1
2020-07-06,2,Rautahat,6
2020-07-06,2,Saptari,8
2020-07-06,2,Sarlahi,6
2020-07-06,2,Siraha,3
2020-07-06,3,Bhaktapur,10
2020-07-06,3,Chitwan,4
2020-07-06,3,Dhading,1
2020-07-06,3,Dolakha,2
2020-07-06,3,Kathmandu,24
2020-07-06,3,Kavrepalanchok,4
2020-07-06,3,Lalitpur,20
2020-07-06,3,Makwanpur,5
2020-07-06,3,Nuwakot,1
2020-07-06,3,Sindhuli,2
2020-07-06,3,Sindhupalchok,3
2020-07-06,4,Baglung,6
2020-07-06,4,Gorkha,7
2020-07-06,4,Kaski,8
2020-07-06,4,Lamjung,11
2020-07-06,4,Nawalparasi East,1
2020-07-06,5,Arghakhanchi,1
2020-07-06,5,Dang,2
2020-07-06,5,Nawalparasi West,5
2020-07-06,5,Palpa,4
2020-07-06,5,Pyuthan,4
2020-07-06,6,Jajarkot,1
2020-07-06,6,Jumla,1
2020-07-06,7,Dadeldhura,5
2020-07-06,7,Kailali,8
2020-07-07,1,Jhapa,1
2020-07-07,1,Morang,6
2020-07-07,1,Sunsari,3
2020-07-07,2,Dhanusa,8
2020-07-07,2,Mahottari,9
2020-07-07,2,Parsa,1
2020-07-07,2,Saptari,4
2020-07-07,2,Sarlahi,3
2020-07-07,3,Bhaktapur,4
2020-07-07,3,Dhading,1
2020-07-07,3,Kathmandu,14
2020-07-07,3,Lalitpur,10
2020-07-07,3,Makwanpur,3
2020-07-07,3,Nuwakot,1
2020-07-07,3,Ramechhap,1
2020-07-07,3,Sindhuli,1
2020-07-07,3,Sindhupalchok,1
2020-07-07,4,Baglung,1
2020-07-07,4,Gorkha,3
2020-07-07,4,Kaski,1
2020-07-07,4,Lamjung,1
2020-07-07,4,Tanahu,2
2020-07-07,5,Arghakhanchi,8
2020-07-07,5,Bardiya,2
2020-07-07,5,Dang,3
2020-07-07,5,Kapilbastu,1
2020-07-07,5,Nawalparasi West,5
2020-07-07,5,Palpa,2
2020-07-07,5,Rukum East,1
2020-07-07,5,Rupandehi,1
2020-07-07,6,Rukum West,5
2020-07-07,6,Salyan,5
2020-07-07,6,Surkhet,3
2020-07-07,7,Achham,11
2020-07-07,7,Baitadi,11
2020-07-07,7,Bajura,54
2020-07-07,7,Dadeldhura,6
2020-07-07,7,Doti,7
2020-07-08,1,Ilam,2
2020-07-08,1,Jhapa,8
2020-07-08,1,Morang,4
2020-07-08,1,Sunsari,3
2020-07-08,1,Terhathum,1
2020-07-08,2,Bara,1
2020-07-08,2,Parsa,1
2020-07-08,2,Rautahat,33
2020-07-08,2,Saptari,4
2020-07-08,2,Sarlahi,3
2020-07-08,2,Siraha,2
2020-07-08,3,Chitwan,5
2020-07-08,3,Dhading,1
2020-07-08,3,Dolakha,1
2020-07-08,3,Kathmandu,16
2020-07-08,3,Kavrepalanchok,2
2020-07-08,3,Lalitpur,7
2020-07-08,3,Ramechhap,2
2020-07-08,3,Sindhupalchok,1
2020-07-08,4,Gorkha,2
2020-07-08,4,Kaski,14
2020-07-08,4,Lamjung,1
2020-07-08,4,Myagdi,1
2020-07-08,4,Nawalparasi East,3
2020-07-08,5,Banke,2
2020-07-08,5,Dang,5
2020-07-08,5,Gulmi,3
2020-07-08,5,Palpa,5
2020-07-08,5,Pyuthan,1
2020-07-08,6,Dailekh,5
2020-07-08,6,Jajarkot,1
2020-07-08,6,Kalikot,1
2020-07-08,6,Mugu,2
2020-07-08,6,Rukum West,7
2020-07-08,6,Surkhet,14
2020-07-08,7,Achham,22
2020-07-08,7,Baitadi,2
2020-07-08,7,Bajhang,4
2020-07-08,7,Dadeldhura,2
2020-07-08,7,Darchula,1
2020-07-08,7,Doti,12
2020-07-08,7,Kailali,36
2020-07-08,7,Kanchanpur,12
2020-07-09,1,Jhapa,1
2020-07-09,1,Sunsari,1
2020-07-09,2,Dhanusa,2
2020-07-09,2,Saptari,2
2020-07-09,2,Sarlahi,1
2020-07-09,2,Siraha,4
2020-07-09,3,Chitwan,4
2020-07-09,3,Kathmandu,5
2020-07-09,3,Makwanpur,1
2020-07-09,3,Nuwakot,1
2020-07-09,3,Sindhupalchok,1
2020-07-09,4,Baglung,3
2020-07-09,4,Gorkha,2
2020-07-09,4,Kaski,4
2020-07-09,4,Lamjung,5
2020-07-09,4,Myagdi,2
2020-07-09,4,Nawalparasi East,1
2020-07-09,4,Tanahu,1
2020-07-09,5,Banke,2
2020-07-09,5,Dang,7
2020-07-09,6,Dailekh,3
2020-07-09,6,Mugu,2
2020-07-09,6,Surkhet,18
2020-07-09,7,Achham,4
2020-07-09,7,Bajhang,16
2020-07-09,7,Bajura,2
2020-07-09,7,Darchula,1
2020-07-09,7,Doti,2
2020-07-09,7,Kailali,8
2020-07-09,7,Kanchanpur,2
2020-07-10,1,Ilam,2
2020-07-10,1,Panchthar,2
2020-07-10,2,Dhanusa,4
2020-07-10,2,Mahottari,4
2020-07-10,2,Rautahat,2
2020-07-10,2,Sarlahi,8
2020-07-10,2,Siraha,2
2020-07-10,3,Bhaktapur,1
2020-07-10,3,Chitwan,1
2020-07-10,3,Dhading,1
2020-07-10,3,Kathmandu,28
2020-07-10,3,Kavrepalanchok,2
2020-07-10,3,Lalitpur,13
2020-07-10,3,Makwanpur,1
2020-07-10,3,Ramechhap,1
2020-07-10,3,Rasuwa,1
2020-07-10,3,Sindhuli,1
2020-07-10,3,Sindhupalchok,1
2020-07-10,4,Baglung,2
2020-07-10,4,Gorkha,1
2020-07-10,4,Tanahu,8
2020-07-10,5,Banke,1
2020-07-10,5,Gulmi,6
2020-07-10,5,Nawalparasi West,2
2020-07-10,5,Palpa,4
2020-07-10,5,Rupandehi,1
2020-07-10,6,Dailekh,2
2020-07-10,6,Dolpa,1
2020-07-10,6,Salyan,1
2020-07-10,6,Surkhet,11
2020-07-10,7,Bajura,1
2020-07-10,7,Doti,1
2020-07-10,7,Kailali,1
2020-07-11,1,Jhapa,2
2020-07-11,1,Morang,3
2020-07-11,1,Sunsari,4
2020-07-11,1,Udayapur,4
2020-07-11,2,Rautahat,1
2020-07-11,2,Sarlahi,3
2020-07-11,2,Siraha,1
2020-07-11,3,Chitwan,1
2020-07-11,3,Dhading,3
2020-07-11,3,Kathmandu,3
2020-07-11,3,Nuwakot,1
2020-07-11,3,Sindhuli,1
2020-07-11,3,Sindhupalchok,5
2020-07-11,4,Baglung,3
2020-07-11,4,Kaski,2
2020-07-11,4,Myagdi,2
2020-07-11,4,Parbat,1
2020-07-11,4,Syangja,4
2020-07-11,4,Tanahu,4
2020-07-11,5,Banke,2
2020-07-11,5,Bardiya,2
2020-07-11,5,Dang,5
2020-07-11,5,Palpa,1
2020-07-11,6,Jumla,2
2020-07-11,6,Rukum West,1
2020-07-11,6,Salyan,1
2020-07-11,6,Surkhet,3
2020-07-11,7,Achham,1
2020-07-11,7,Kanchanpur,4
2020-07-12,1,Jhapa,1
2020-07-12,1,Morang,2
2020-07-12,1,Solukhumbu,1
2020-07-12,2,Dhanusa,19
2020-07-12,2,Sarlahi,1
2020-07-12,3,Chitwan,5
2020-07-12,3,Kathmandu,5
2020-07-12,3,Lalitpur,1
2020-07-12,3,Makwanpur,1
2020-07-12,3,Sindhuli,1
2020-07-12,3,Sindhupalchok,1
2020-07-12,4,Baglung,2
2020-07-12,4,Gorkha,1
2020-07-12,4,Lamjung,2
2020-07-12,4,Nawalparasi East,1
2020-07-12,4,Parbat,2
2020-07-12,4,Syangja,1
2020-07-12,4,Tanahu,6
2020-07-12,5,Gulmi,1
2020-07-12,5,Palpa,1
2020-07-12,6,Dailekh,1
2020-07-12,6,Kalikot,7
2020-07-12,6,Rukum West,2
2020-07-12,6,Surkhet,11
2020-07-12,7,Bajhang,1
2020-07-12,7,Dadeldhura,2
2020-07-12,7,Darchula,1
2020-07-12,7,Kailali,2
2020-07-13,1,Jhapa,4
2020-07-13,1,Morang,1
2020-07-13,1,Sunsari,1
2020-07-13,2,Dhanusa,27
2020-07-13,2,Mahottari,4
2020-07-13,2,Rautahat,9
2020-07-13,2,Saptari,1
2020-07-13,3,Bhaktapur,1
2020-07-13,3,Dolakha,1
2020-07-13,3,Kathmandu,3
2020-07-13,3,Kavrepalanchok,1
2020-07-13,3,Lalitpur,5
2020-07-13,3,Makwanpur,1
2020-07-13,3,Sindhuli,1
2020-07-13,4,Baglung,2
2020-07-13,4,Myagdi,2
2020-07-13,4,Parbat,1
2020-07-13,4,Syangja,1
2020-07-13,4,Tanahu,2
2020-07-13,5,Banke,1
2020-07-13,5,Bardiya,2
2020-07-13,5,Dang,2
2020-07-13,5,Kapilbastu,9
2020-07-13,6,Dailekh,2
2020-07-13,6,Jajarkot,1
2020-07-13,6,Rukum West,2
2020-07-13,6,Surkhet,41
2020-07-13,7,Achham,1
2020-07-13,7,Baitadi,2
2020-07-13,7,Bajhang,2
2020-07-13,7,Kailali,11
2020-07-14,1,Dhankuta,3
2020-07-14,1,Ilam,2
2020-07-14,1,Jhapa,1
2020-07-14,1,Okhaldhunga,1
2020-07-14,1,Sunsari,1
2020-07-14,1,Terhathum,1
2020-07-14,2,Dhanusa,21
2020-07-14,2,Mahottari,19
2020-07-14,2,Parsa,2
2020-07-14,2,Rautahat,1
2020-07-14,2,Siraha,1
2020-07-14,3,Kathmandu,2
2020-07-14,3,Kavrepalanchok,2
2020-07-14,3,Nuwakot,1
2020-07-14,3,Sindhuli,1
2020-07-14,3,Sindhupalchok,1
2020-07-14,4,Gorkha,2
2020-07-14,4,Nawalparasi East,3
2020-07-14,5,Arghakhanchi,3
2020-07-14,5,Banke,1
2020-07-14,5,Bardiya,1
2020-07-14,5,Dang,5
2020-07-14,5,Palpa,4
2020-07-14,5,Pyuthan,3
2020-07-14,5,Rolpa,3
2020-07-14,6,Dailekh,6
2020-07-14,6,Jumla,4
2020-07-14,6,Surkhet,1
2020-07-14,7,Achham,14
2020-07-14,7,Kailali,5
2020-07-14,7,Kanchanpur,1
2020-07-15,1,Dhankuta,1
2020-07-15,1,Morang,1
2020-07-15,1,Taplejung,1
2020-07-15,2,Dhanusa,6
2020-07-15,2,Rautahat,5
2020-07-15,2,Saptari,13
2020-07-15,3,Chitwan,8
2020-07-15,3,Dhading,1
2020-07-15,3,Kathmandu,7
2020-07-15,3,Nuwakot,1
2020-07-15,3,Sindhupalchok,1
2020-07-15,4,Gorkha,1
2020-07-15,4,Kaski,3
2020-07-15,4,Myagdi,9
2020-07-15,4,Nawalparasi East,11
2020-07-15,4,Tanahu,3
2020-07-15,5,Palpa,1
2020-07-15,6,Dailekh,3
2020-07-15,6,Jajarkot,1
2020-07-15,6,Jumla,2
2020-07-15,6,Mugu,1
2020-07-15,6,Salyan,5
2020-07-15,6,Surkhet,28
2020-07-15,7,Achham,1
2020-07-15,7,Dadeldhura,2
2020-07-16,1,Ilam,6
2020-07-16,1,Jhapa,4
2020-07-16,1,Morang,3
2020-07-16,1,Okhaldhunga,15
2020-07-16,1,Sunsari,4
2020-07-16,1,Udayapur,1
2020-07-16,2,Bara,1
2020-07-16,2,Dhanusa,27
2020-07-16,2,Parsa,2
2020-07-16,2,Rautahat,12
2020-07-16,3,Kathmandu,1
2020-07-16,3,Makwanpur,3
2020-07-16,4,Baglung,2
2020-07-16,4,Nawalparasi East,17
2020-07-16,4,Syangja,1
2020-07-16,5,Banke,8
2020-07-16,5,Bardiya,1
2020-07-16,5,Dang,1
2020-07-16,5,Pyuthan,1
2020-07-16,5,Rupandehi,1
2020-07-16,6,Dailekh,6
2020-07-16,6,Jajarkot,2
2020-07-16,6,Mugu,1
2020-07-16,6,Rukum West,1
2020-07-16,6,Salyan,2
2020-07-16,6,Surkhet,3
2020-07-16,7,Achham,4
2020-07-16,7,Bajhang,1
2020-07-16,7,Dadeldhura,8
2020-07-16,7,Kailali,14
2020-07-16,7,Kanchanpur,14
2020-07-17,1,Jhapa,2
2020-07-17,1,Morang,2
2020-07-17,2,Bara,3
2020-07-17,2,Dhanusa,8
2020-07-17,2,Parsa,2
2020-07-17,2,Rautahat,8
2020-07-17,2,Saptari,1
2020-07-17,3,Bhaktapur,2
2020-07-17,3,Kathmandu,1
2020-07-17,3,Kavrepalanchok,1
2020-07-17,3,Makwanpur,1
2020-07-17,3,Nuwakot,2
2020-07-17,3,Sindhuli,1
2020-07-17,4,Lamjung,22
2020-07-17,4,Nawalparasi East,3
2020-07-17,4,Tanahu,7
2020-07-17,5,Bardiya,10
2020-07-17,5,Dang,5
2020-07-17,5,Palpa,1
2020-07-17,5,Rolpa,13
2020-07-17,5,Rupandehi,1
2020-07-17,6,Rukum West,1
2020-07-17,6,Salyan,1
2020-07-17,7,Bajhang,1
2020-07-17,7,Dadeldhura,1
2020-07-17,7,Doti,1
